,ST,ST_conf
timesteps,2.303795809620982,2.1637720569344907
n_agent,0.006607396710340174,0.3920341748401256
infecting_init,139.40608587998236,129.87808591425633
infecting_prob,2.30087184677432,2.1103729558756137
